SKU;Nome no ERP;Marca;Categoria sugerida;Pet sugerido;Estoque em 06/10/2026;Foto na pasta Fotos
14256;TAPETE DE SILICONE PARA COMEDOUROS;Its Pet;Comedouros e bebedouros;ambos;0;não
14378;BRINQUEDO PET - BOLA MAGIC LUZ E SOM 8CM;Its Pet;Brinquedos;cao;1384;não
14379;BRINQUEDO PET - BOLA PINOS TPRC C/ SOM 9CM;Its Pet;Brinquedos;cao;2368;não
14380;BRINQUEDO PET - ARGOLA PINOS TPR C/ SOM 16CM;Its Pet;Brinquedos;cao;1161;não
14381;BRINQUEDO PET - HALTERES PINOS TPR C/ SOM 21CM;Its Pet;Brinquedos;cao;2344;não
14382;BRINQUEDO PET - BOLA TPR PRINT C/ SOM 7,5CM;Its Pet;Brinquedos;cao;566;não
14383;BRINQUEDO PET - OSSO TPR PRINT C/ SOM 17CM;Its Pet;Brinquedos;cao;1161;não
14384;BRINQUEDO PET - TRIANGULO TPR C/ SOM 15CM;Its Pet;Brinquedos;cao;1114;não
14385;BRINQUEDO PET VINIL - PORCO MALHADO C/ SOM 21CM;Its Pet;Brinquedos;cao;1398;não
14386;BRINQUEDO PET VINIL - BOLA PATAS C/ SOM 7CM;Its Pet;Brinquedos;cao;2346;não
14387;BRINQUEDO PET VINIL - BOLA PINOS C/ SOM 6CM;Its Pet;Brinquedos;cao;2365;não
14388;BRINQUEDO PET VINIL - HALTERES MEDIO C/ SOM 15CM;Its Pet;Brinquedos;cao;2325;não
14389;BRINQUEDO PET VINIL - HALTERES GRANDE C/ SOM 17CM;Its Pet;Brinquedos;cao;2356;não
14390;BRINQUEDO PET VINIL - HAMBURGUER C/ SOM 10CM;Its Pet;Brinquedos;cao;2377;não
14391;BRINQUEDO PET VINIL - DONUT C/ SOM 10CM;Its Pet;Brinquedos;cao;2383;não
14392;BRINQUEDO PET TENNIS - BOLA EMOJI (P) C/ SOM;Its Pet;Brinquedos;cao;2306;não
14393;BRINQUEDO PET TENNIS - BOLA EMOJI (M) C/ SOM;Its Pet;Brinquedos;cao;2290;não
14394;BRINQUEDO PET TENNIS - BOLA APELUCIADA (PP) C/ SOM;Its Pet;Brinquedos;cao;2321;não
14395;BRINQUEDO PET TENNIS - BOLA APELUCIADA (P) C/ SOM;Its Pet;Brinquedos;cao;2293;não
14396;BRINQUEDO PET BORRACHA - DISPLAY C/24 OVOS BORRACHA 4,5X6CM;Its Pet;Brinquedos;cao;398;não
14397;BRINQUEDO PET GATOS - PEIXINHO ESCAMAS BRILHANTES 20CM;Its Pet;Brinquedos;gato;2387;não
14398;BRINQUEDO PET GATOS - SEA WORM BRILHANTE 25CM;Its Pet;Brinquedos;gato;2381;não
14399;BRINQUEDO PET GATOS - ARRAIA BRILHANTE 24CM;Its Pet;Brinquedos;gato;2381;não
14400;BRINQUEDO PET GATOS - SQUID BRILHANTES 29CM;Its Pet;Brinquedos;gato;2369;não
14401;BRINQUEDO PET GATOS - CHOCALHO DE MALHA 2UND 5CM;Its Pet;Brinquedos;gato;2375;não
14402;BRINQUEDO PET GATOS - EMOJI BAMBOLE;Its Pet;Brinquedos;gato;2351;não
14403;BRINQUEDO PET GATOS - RATINHO + BOLINHA SOFT PLAY;Its Pet;Brinquedos;gato;2319;não
14404;BRINQUEDO PET GATOS - POMPOM MALUCO;Its Pet;Brinquedos;gato;2318;não
14405;BRINQUEDO PET GATOS - MONSTRINHOS PELUDOS 13CM;Its Pet;Brinquedos;gato;2293;não
14406;BRINQUEDO PET GATOS - MONSTRINHOS SIDERAL 14CM;Its Pet;Brinquedos;gato;2349;não
14407;BRINQUEDO PET GATOS - VARINHA DONUT 50CM;Its Pet;Brinquedos;gato;2376;não
14408;BRINQUEDO PET GATOS - VARINHA TRIO MALUCO 40CM;Its Pet;Brinquedos;gato;2345;não
14409;BRINQUEDO PET GATOS - RATINHO PULA PULA 45CM;Its Pet;Brinquedos;gato;2474;não
14410;BRINQUEDO PET GATOS - VARINHA INTERATIVA C/ VENTOSA;Its Pet;Brinquedos;gato;1164;não
14411;BRINQUEDO PET GATOS - VARINHA INTERATIVA PENDULO DIVERTIDO;Its Pet;Brinquedos;gato;1142;não
14412;BRINQUEDO PET GATOS - ARRANHADOR HASTE PASSARINHO C/ SOM 27CM;Its Pet;Brinquedos;gato;594;não
14413;BRINQUEDO PET GATOS - ARRANHADOR MOLA PASSARINHO C/ SOM 27CM;Its Pet;Brinquedos;gato;487;não
14414;BOWL LAMBE LAMBE CAT;Its Pet;Comedouros e bebedouros;gato;4756;não
14415;BOWL LAMBE LAMBE DOG;Its Pet;Comedouros e bebedouros;cao;4760;não
14416;BRINQUEDO PET GATOS - PEGUE SE PUDER;Its Pet;Brinquedos;gato;1193;não
14417;BRINQUEDO PET GATOS - CAÇA ATIVA;Its Pet;Brinquedos;gato;119;não
14418;LUVA MÁGICA REMOVEDORA DE PELOS C/ VAPOR 20CM;Its Pet;Higiene e beleza;ambos;1967;não
14419;BEBEDOURO PORTÁTIL PREMIUM 2X1 - 350ML + 170ML;Its Pet;Comedouros e bebedouros;ambos;814;não
14420;BEBEDOURO P/ ROEDORES PREMIUM 80ML;Its Pet;Comedouros e bebedouros;roedores;2482;não
14421;BEBEDOURO P/ ROEDORES PREMIUM 125ML;Its Pet;Comedouros e bebedouros;roedores;2452;não
14422;BEBEDOURO P/ ROEDORES PREMIUM 250ML;Its Pet;Comedouros e bebedouros;roedores;1352;não
14423;BOLSA DE TRASPORTE PET MODELO EASY WAY;Its Pet;Passeio;ambos;544;não
14424;COLEIRA ITSCAT COLEÇÃO AFETO;Its Pet;Passeio;gato;2181;não
14425;PEITORAL ITSCAT COLEÇÃO AFETO;Its Pet;Passeio;gato;2264;não
14426;COLEIRA ITSCAT COLEÇÃO TIGRESA;Its Pet;Passeio;gato;2296;não
14427;PEITORAL ITSCAT COLEÇÃO TIGRESA;Its Pet;Passeio;gato;2343;não
14428;COLEIRA ITSCAT COLEÇÃO CANVAS;Its Pet;Passeio;gato;2237;não
14429;PEITORAL ITSCAT COLEÇÃO CANVAS;Its Pet;Passeio;gato;2335;não
14430;COLEIRA ITSCAT COLEÇÃO REFLETIVA;Its Pet;Passeio;gato;2296;não
14431;PEITORAL ITSCAT COLEÇÃO REFLETIVA;Its Pet;Passeio;gato;2357;não
14432;COLEIRA ITSCAT COLEÇÃO SHINE;Its Pet;Passeio;gato;2309;não
14433;COLEIRA ITSCAT COLEÇÃO FRESH FRUIT;Its Pet;Passeio;gato;2327;não
14434;COLEIRA ITSCAT COLEÇÃO SOCCER;Its Pet;Passeio;gato;2367;não
14435;COLEIRA ITSCAT COLEÇÃO RAINBOW;Its Pet;Passeio;gato;2336;não
14436;GUIA DE ADESTRAMENTO ITSDOG - P;Its Pet;Passeio;cao;2330;não
14437;GUIA DE ADESTRAMENTO ITSDOG - M;Its Pet;Passeio;cao;2282;não
14438;GUIA DE ADESTRAMENTO ITSDOG - G;Its Pet;Passeio;cao;1083;não
14439;BRINQUEDO PET - DONUTS COLOURS TPR C/ SOM 11CM;Its Pet;Brinquedos;cao;2385;não
14440;BRINQUEDO PET - BOLA LANCHE COLOURS TPR;Its Pet;Brinquedos;cao;2378;não
14441;BRINQUEDO PET - GIRO LANCHE COLOURS;Its Pet;Brinquedos;cao;2369;não
